subject_id	subject_label	predicate_id	object_id	object_label	mapping_justification	mapping_date	author_id	confidence	comment	examples
bcdm:processid	bcdm:processid	skos:closeMatch	unite:source_url	unite:source_url	semapv:ManualMappingCuration	2024-04-24	0000-0001-5526-4845	0.8	API url for the source record in PlutoF referring to either material sample, specimen or living culture.	https://api.plutof.ut.ee/v1/taxonoccurrence/specimen/specimens/918692/
bcdm:sampleid	bcdm:sampleid	skos:closeMatch	unite:source_name	unite:source_name	semapv:ManualMappingCuration	2024-04-24	0000-0001-5526-4845	0.8	Same as bcdm:museumid and might match the bcdm:specimenid.	TUF105488
bcdm:fieldid	bcdm:fieldid	notApplicable			semapv:ManualMappingCuration	2024-04-24	0000-0001-5526-4845		Multiple fieldId values possible in UNITE.	
bcdm:museumid	bcdm:museumid	skos:closeMatch	unite:source_name	unite:source_name	semapv:ManualMappingCuration	2024-04-24	0000-0001-5526-4845	0.8	Same as bcdm:sampleid in case source material is held in a collection.	TUF105488
bcdm:record_id	bcdm:record_id	skos:relatedMatch	unite:sequence_unite_accno	unite:sequence_unite_accno	semapv:ManualMappingCuration	2024-04-24	0000-0001-5526-4845	0.8	UNITE accession number for the sequence	UDB0778471
bcdm:specimenid	bcdm:specimenid	skos:closeMatch	unite:source_url	unite:source_url	semapv:ManualMappingCuration	2024-04-24	0000-0001-5526-4845	0.8	Same as bcdm:process_id. It is mapped to dwc:occurrenceID which says that it does not need to be specimen but can be any type of occurrence	https://api.plutof.ut.ee/v1/taxonoccurrence/specimen/specimens/918692/
bcdm:processid_minted_date	bcdm:processid_minted_date	skos:closeMatch	unite:source_created_at	unite:source_created_at	semapv:ManualMappingCuration	2024-04-24	0000-0001-5526-4845	1		2015-09-11
bcdm:bin_uri	bcdm:bin_uri	skos:relatedMatch	unite:sh_code	unite:sh_code	semapv:ManualMappingCuration	2024-04-24	0000-0001-5526-4845	1	Each sequence belongs six different species hypotheses (SH); by default we use SH code at the 1.5% gap (distance) between sister species.	SH1018851.10FU
bcdm:bin_created_date	bcdm:bin_created_date	skos:closeMatch	unite:sh_date_created	unite:sh_date_created	semapv:ManualMappingCuration	2024-04-24	0000-0001-5526-4845	1		2024-02-01
bcdm:collection_code	bcdm:collection_code	skos:closeMatch	unite:source_deposited_in_acronym	unite:source_deposited_in_acronym	semapv:ManualMappingCuration	2024-04-24	0000-0001-5526-4845	1		TUF
bcdm:inst	bcdm:inst	skos:closeMatch	unite:source_deposited_in_name	unite:source_deposited_in_name	semapv:ManualMappingCuration	2024-04-24	0000-0001-5526-4845	1		University of Tartu; Natural History Museum and Botanical Garden; Natural History Museum; Mycological Collections
bcdm:taxid	bcdm:taxid	skos:closeMatch	unite:taxon_id	unite:taxon_id	semapv:ManualMappingCuration	2024-04-24	0000-0001-5526-4845	1		142361
bcdm:kingdom	bcdm:kingdom	skos:closeMatch	unite:kingdom	unite:kingdom	semapv:ManualMappingCuration	2024-04-24	0000-0001-5526-4845	1		Fungi
bcdm:phylum	bcdm:phylum	skos:closeMatch	unite:phylum	unite:phylum	semapv:ManualMappingCuration	2024-04-24	0000-0001-5526-4845	1		Basidiomycota
bcdm:class	bcdm:class	skos:closeMatch	unite:class	unite:class	semapv:ManualMappingCuration	2024-04-24	0000-0001-5526-4845	1		Agaricomycetes
bcdm:order	bcdm:order	skos:closeMatch	unite:order	unite:order	semapv:ManualMappingCuration	2024-04-24	0000-0001-5526-4845	1		Agaricales
bcdm:family	bcdm:family	skos:closeMatch	unite:family	unite:family	semapv:ManualMappingCuration	2024-04-24	0000-0001-5526-4845	1		Cortinariaceae
bcdm:subfamily	bcdm:subfamily	NotApplicable			semapv:ManualMappingCuration	2024-04-24	0000-0001-5526-4845			
bcdm:tribe	bcdm:tribe	NotApplicable			semapv:ManualMappingCuration	2024-04-24	0000-0001-5526-4845			
bcdm:genus	bcdm:genus	skos:closeMatch	unite:genus	unite:genus	semapv:ManualMappingCuration	2024-04-24	0000-0001-5526-4845	1		Cortinarius
bcdm:species	bcdm:species	skos:closeMatch	unite:taxon_name	unite:taxon_name	semapv:ManualMappingCuration	2024-04-24	0000-0001-5526-4845	1		Cortinarius rubellus
bcdm:subspecies	bcdm:subspecies	skos:broadMatch	unite:intraspecific_epithet	unite:intraspecific_epithet	semapv:ManualMappingCuration	2024-04-24	0000-0001-5526-4845	0.5	Infraspecific epithet	
bcdm:species_reference	bcdm:species_reference	skos:closeMatch	unitetaxon_name_author	unitetaxon_name_author	semapv:ManualMappingCuration	2024-04-24	0000-0001-5526-4845	0.8	Author name to be specified only in case identification is on species level.	Cooke, 1887
bcdm:identification	bcdm:identification	skos:closeMatch	unite:taxon_name	unite:taxon_name	semapv:ManualMappingCuration	2024-04-24	0000-0001-5526-4845	0.8		Cortinarius rubellus
bcdm:identification_method	bcdm:identification_method	skos:closeMatch	unite:sequence_identification_remarks	unite:sequence_identification_remarks	semapv:ManualMappingCuration	2024-04-24	0000-0001-5526-4845	0.8		
bcdm:identification_rank	bcdm:identification_rank	skos:closeMatch	unite:taxon_rank	unite:taxon_rank	semapv:ManualMappingCuration	2024-04-24	0000-0001-5526-4845	1		species
bcdm:identified_by	bcdm:identified_by	skos:closeMatch	unite:sequence_identification_determiners	unite:sequence_identification_determiners	semapv:ManualMappingCuration	2024-04-24	0000-0001-5526-4845	1		Anu Kollom
bcdm:identifier_email	bcdm:identifier_email	notApplicable			semapv:ManualMappingCuration	2024-04-24	0000-0001-5526-4845			
bcdm:taxonomy_notes	bcdm:taxonomy_notes	notApplicable			semapv:ManualMappingCuration	2024-04-24	0000-0001-5526-4845			
bcdm:sex	bcdm:sex	skos:closeMatch	unite:source_sex	unite:source_sex	semapv:ManualMappingCuration	2024-04-24	0000-0001-5526-4845	0.8	We also have other options such as worker, soldier, and gynandromorph	
bcdm:reproduction	bcdm:reproduction	notApplicable			semapv:ManualMappingCuration	2024-04-24	0000-0001-5526-4845			
bcdm:life_stage	bcdm:life_stage	skos:closeMatch	unite:source_transformation_stage	unite:source_transformation_stage	semapv:ManualMappingCuration	2024-04-24	0000-0001-5526-4845	0.8	List of elements: adult, larva/nymph, pupa, egg.	
bcdm:short_note	bcdm:short_note	skos:closeMatch	unite:source_remarks	unite:source_remarks	semapv:ManualMappingCuration	2024-04-24	0000-0001-5526-4845	0.8		
bcdm:notes	bcdm:notes	notApplicable			semapv:ManualMappingCuration	2024-04-24	0000-0001-5526-4845			
bcdm:voucher_type	bcdm:voucher_type	skos:broadMatch	unite:type_status	unite:type_status	semapv:ManualMappingCuration	2024-04-24	0000-0001-5526-4845	1		
bcdm:tissue_type	bcdm:tissue_type	skos:relatedMatch	unite:source_type	unite:source_type	semapv:ManualMappingCuration	2024-04-24	0000-0001-5526-4845	0.5	Type of source material (material sample, specimen, living culture), equivalent to mainform in PlutoF	Specimen: fungus
bcdm:specimen_linkout	bcdm:specimen_linkout	notApplicable			semapv:ManualMappingCuration	2024-04-24	0000-0001-5526-4845		ToDo: Public source record pages should be created on UNITE homepage.	
bcdm:associated_specimens	bcdm:associated_specimens	skos:closeMatch	unite:interacting_objects_specimens	unite:interacting_objects_specimens	semapv:ManualMappingCuration	2024-04-24	0000-0001-5526-4845	1	object type: specimen	
bcdm:associated_taxa	bcdm:associated_taxa	skos:closeMatch	unite:interacting_objects_taxa	unite:interacting_objects_taxa	semapv:ManualMappingCuration	2024-04-24	0000-0001-5526-4845	1	object type: taxonnode	
bcdm:collectors	bcdm:collectors	skos:closeMatch	unite:samplingevent_collected_by	unite:samplingevent_collected_by	semapv:ManualMappingCuration	2024-04-24	0000-0001-5526-4845	1		Külli Kalamees
bcdm:collection_date_start	bcdm:collection_date_start	skos:closeMatch	unite:samplingevent_timespan_begin	unite:samplingevent_timespan_begin	semapv:ManualMappingCuration	2024-04-24	0000-0001-5526-4845	1		2015-09-11
bcdm:collection_date_end	bcdm:collection_date_end	skos:closeMatch	unite:samplingevent_timespan_end	unite:samplingevent_timespan_end	semapv:ManualMappingCuration	2024-04-24	0000-0001-5526-4845	1		
bcdm:collection_event_id	bcdm:collection_event_id	skos:closeMatch	unite:samplingevent_id	unite:samplingevent_id	semapv:ManualMappingCuration	2024-04-24	0000-0001-5526-4845	0.8		1273316
bcdm:collection_time	bcdm:collection_time	notApplicable			semapv:ManualMappingCuration	2024-04-24	0000-0001-5526-4845		Is part of unite:samplingevent_timespan_begin and unite:samplingevent_timespan_end	
bcdm:collection_notes	bcdm:collection_notes	skos:closeMatch	unite:samplingevent_description	unite:samplingevent_description	semapv:ManualMappingCuration	2024-04-24	0000-0001-5526-4845	1		
bcdm:geoid	bcdm:geoid	notApplicable			semapv:ManualMappingCuration	2024-04-24	0000-0001-5526-4845			
bcdm:country/ocean	bcdm:country/ocean	skos:closeMatch	unite:samplingarea_country	unite:samplingarea_country	semapv:ManualMappingCuration	2024-04-24	0000-0001-5526-4845	1		Estonia
bcdm:country_iso	bcdm:country_iso	notApplicable			semapv:ManualMappingCuration	2024-04-24	0000-0001-5526-4845		We only keep track of Alpha-3 ISO codes	
bcdm:province/state	bcdm:province/state	skos:closeMatch	unite:samplingarea_state	unite:samplingarea_state	semapv:ManualMappingCuration	2024-04-24	0000-0001-5526-4845	1		
bcdm:region	bcdm:region	skos:closeMatch	unite:samplingarea_district	unite:samplingarea_district	semapv:ManualMappingCuration	2024-04-24	0000-0001-5526-4845	1		Valga maakond
bcdm:sector	bcdm:sector	skos:closeMatch	unite:samplingarea_commune_or_city	unite:samplingarea_commune_or_city	semapv:ManualMappingCuration	2024-04-24	0000-0001-5526-4845	1		Otepää vald
bcdm:site	bcdm:site	skos:closeMatch	unite:samplingarea_locality_text	unite:samplingarea_locality_text	semapv:ManualMappingCuration	2024-04-24	0000-0001-5526-4845	1		Pedajamäe küla, Otepää looduspark
bcdm:site_code	bcdm:site_code	skos:closeMatch	unite:samplingarea_parent_samplingarea_name	unite:samplingarea_parent_samplingarea_name	semapv:ManualMappingCuration	2024-04-24	0000-0001-5526-4845	0.8		Paluveski_01
bcdm:coord	bcdm:coord	skos:broadMatch	unite:samplingarea_latitude	unite:samplingarea_latitude	semapv:ManualMappingCuration	2024-04-24	0000-0001-5526-4845	1		58.08366100
bcdm:coord	bcdm:coord	skos:broadMatch	unite:samplingarea_longitude	unite:samplingarea_longitude	semapv:ManualMappingCuration	2024-04-24	0000-0001-5526-4845	1		26.43719000
bcdm:coord_accuracy	bcdm:coord_accuracy	skos:relatedMatch	unite:samplingarea_accuracy	unite:samplingarea_accuracy	semapv:ManualMappingCuration	2024-04-24	0000-0001-5526-4845	0.5	Coordinate uncertainty in meters	
bcdm:coord_source	bcdm:coord_source	skos:closeMatch	unite:samplingarea_method	unite:samplingarea_method	semapv:ManualMappingCuration	2024-04-24	0000-0001-5526-4845	0.8		GPS
bcdm:elev	bcdm:elev	skos:broadMatch	unite:samplingarea_elevation_min	unite:samplingarea_elevation_min	semapv:ManualMappingCuration	2024-04-24	0000-0001-5526-4845	1		
bcdm:elev	bcdm:elev	skos:broadMatch	unite:samplingarea_elevation_max	unite:samplingarea_elevation_max	semapv:ManualMappingCuration	2024-04-24	0000-0001-5526-4845	1		
bcdm:elev_accuracy	bcdm:elev_accuracy	skos:closeMatch	unite:samplingarea_elevation_min_accuracy	unite:samplingarea_elevation_min_accuracy	semapv:ManualMappingCuration	2024-04-24	0000-0001-5526-4845	0.8		
bcdm:depth	bcdm:depth	skos:broadMatch	unite:samplingarea_depth_min	unite:samplingarea_depth_min	semapv:ManualMappingCuration	2024-04-24	0000-0001-5526-4845	1		
bcdm:depth	bcdm:depth	skos:broadMatch	unite:samplingarea_depth_max	unite:samplingarea_depth_max	semapv:ManualMappingCuration	2024-04-24	0000-0001-5526-4845	1		
bcdm:depth_accuracy	bcdm:depth_accuracy	skos:closeMatch	unite:samplingarea_depth_min_accuracy	unite:samplingarea_depth_min_accuracy	semapv:ManualMappingCuration	2024-04-24	0000-0001-5526-4845	0.8		
bcdm:habitat	bcdm:habitat	skos:broadMatch	unite:samplingevent_broad_scale_enviromental_context	unite:samplingevent_broad_scale_enviromental_context	semapv:ManualMappingCuration	2024-04-24	0000-0001-5526-4845	0.8		
bcdm:habitat	bcdm:habitat	skos:broadMatch	unite:samplingevent_local_enviromental_context	unite:samplingevent_local_enviromental_context	semapv:ManualMappingCuration	2024-04-24	0000-0001-5526-4845	0.8		
bcdm:sampling_protocol	bcdm:sampling_protocol	skos:closeMatch	unite:samplingevent_sampling_protocol	unite:samplingevent_sampling_protocol	semapv:ManualMappingCuration	2024-04-24	0000-0001-5526-4845	0.8		
bcdm:nuc	bcdm:nuc	skos:closeMatch	unite:sequence	unite:sequence	semapv:ManualMappingCuration	2024-04-24	0000-0001-5526-4845	1		TAAACATGATAGGTTGCTGCTGGTTCTCTAGGGGACATGTGCACACTTGTCATTTTTATATCTCCACCTGTGCACCTTTTGTAGACCAGAATATCTTTCTGAATGCTTGACATTTAGGTTATGAGGATTGGCTGAGCCATCTGCCTTTCCTTACATTTTCAGGTCTATGTTTCTTCATAATACCCCTTTGTATGTTATAGAATGTAATGAAATAGGCCTTGGTGCCTATAAACCTTATACAACTTTCAGCAACGGATCTCTTGGCTCTCGCATCGATGAAGAACGCAGCGAAATGCGATAAGTAATGTGAATTGCAGAATTCAGTGAATCATCGAATCTTTGAACGCACCTTGCGCTCCTTGGTATTCCGAGGAGCATGCCTGTTTGAGTGTCATTAATATAATCAATCTCATAAGCTTTTTTGCTTCTTGAGTGTTTGGATGTTGGGGGTATTATTTGCTGGCCTGGTCAGCTCCCCTGAAATGCATTAGCGGAACAATTTGTTGATCGTTCATTGGTGTGATAACTATCTACGCTATTGACGTGAAGGCAGGGTTCAGCTTCTAACTGTCCATTGACTTGGACAAATCTTCATTAATGTGACCTCAAATCAGGTAGGACTACCCGCTGAACTTAAGCATATCAATAAGCGGAGGAAAAGAAACTAACAAGGATTCCCCTAGTAACTGCGAGTGAAGCGGGAAAAGCTCAAATTTAAAATCTGGTGGTCTTTTGGCTGCCCGAGTTGTAATCTAGAGAAGTGTTATCCGCGCTGGACCGTGTACAAGTCTCCTGGAATGGAGCATCATAGAGGGTGAGAATCCCGTCTTTGACATGGACTCCCAGGGCTTTTGTGATGCGCTCTCAAAGAGTCGAGTTGTTTGGGAATGCAGCTCAAAATGGGTGGTAAATTCCATCTAAAGCTAAATATTGGCGAGAGACGATGCGACA
bcdm:nuc_basecount	bcdm:nuc_basecount	notApplicable			semapv:ManualMappingCuration	2024-04-24	0000-0001-5526-4845		Could be calculated on the fly if needed.	
bcdm:insdc_acs	bcdm:insdc_acs	skos:closeMatch	unite:sequence_insd_accno	unite:sequence_insd_accno	semapv:ManualMappingCuration	2024-04-24	0000-0001-5526-4845	1	INSD accession number for the sequence	
bcdm:funding_src	bcdm:funding_src	notApplicable			semapv:ManualMappingCuration	2024-04-24	0000-0001-5526-4845			
bcdm:marker_code	bcdm:marker_code	skos:relatedMatch	unite:sequence_sequenced_regions	unite:sequence_sequenced_regions	semapv:ManualMappingCuration	2024-04-24	0000-0001-5526-4845	0.8	Check also GBIF DNA derived data extension - https://rs.gbif.org/extension/gbif/1.0/dna_derived_data_2021-07-05.xml#target_gene and https://rs.gbif.org/extension/gbif/1.0/dna_derived_data_2021-07-05.xml#target_subfragment. See also https://docs.gbif.org/publishing-dna-derived-data/en/.	ITS1, 5.8S, ITS2
bcdm:primers_forward	bcdm:primers_forward	skos:broadMatch	unite:forw_primer_name	unite:forw_primer_name	semapv:ManualMappingCuration	2024-04-24	0000-0001-5526-4845	0.8		
bcdm:primers_forward	bcdm:primers_forward	skos:broadMatch	unite:forw_primer_sequence	unite:forw_primer_sequence	semapv:ManualMappingCuration	2024-04-24	0000-0001-5526-4845	0.8	Check also GBIF DNA derived data extension https://rs.gbif.org/extension/gbif/1.0/dna_derived_data_2021-07-05.xml#pcr_primers	
bcdm:primers_reverse	bcdm:primers_reverse	skos:broadMatch	unite:sequence.rev_primer_name	unite:sequence.rev_primer_name	semapv:ManualMappingCuration	2024-04-24	0000-0001-5526-4845	0.8		
bcdm:primers_reverse	bcdm:primers_reverse	skos:broadMatch	unite:sequence.rev_primer_sequence	unite:sequence.rev_primer_sequence	semapv:ManualMappingCuration	2024-04-24	0000-0001-5526-4845	0.8	Check GBIF DNA derived data extension https://rs.gbif.org/extension/gbif/1.0/dna_derived_data_2021-07-05.xml#pcr_primers	
bcdm:sequence_run_site	bcdm:sequence_run_site	skos:relatedMatch	unite:sequence_origin	unite:sequence_origin	semapv:ManualMappingCuration	2024-04-24	0000-0001-5526-4845	0.5	Source database the sequence originates from, can be either UNITE or INSDC.	
bcdm:sequence_upload_date	bcdm:sequence_upload_date	skos:closeMatch	unite:sequence_created_at	unite:sequence_created_at	semapv:ManualMappingCuration	2024-04-24	0000-0001-5526-4845	1		UNITE
bcdm:recordset_code_arr	bcdm:recordset_code_arr	skos:closeMatch	unite:sequence_project_name	unite:sequence_project_name	semapv:ManualMappingCuration	2024-04-24	0000-0001-5526-4845	1		Nordic Mycological Congress 2015
bcdm:ecoregion	bcdm:ecoregion	notApplicable			semapv:ManualMappingCuration	2024-09-18	0000-0001-5526-4845			
bcdm:biome	bcdm:biome	notApplicable			semapv:ManualMappingCuration	2024-09-18	0000-0001-5526-4845			
bcdm:realm	bcdm:realm	notApplicable			semapv:ManualMappingCuration	2024-09-18	0000-0001-5526-4845			
bcdm:sovereign_inst	bcdm:sovereign_inst	skos:closeMatch	unite:source_deposited_in_name	unite:source_deposited_in_name	semapv:ManualMappingCuration	2024-09-18	0000-0001-5526-4845	0.8		University of Tartu; Natural History Museum and Botanical Garden; Natural History Museum; Mycological Collections